"internal_taxon_id","credit_type","firstName","lastName","initials","Order","email","affiliation","user_id"
"314550-1","Assessor","Your first name","Your last name","","1","Your email","Your affiliation","1"
"766791-1","Assessor","Your first name","Your last name","","1","Your email","Your affiliation","1"
"140342-2","Assessor","Your first name","Your last name","","1","Your email","Your affiliation","1"
"854920-1","Assessor","Your first name","Your last name","","1","Your email","Your affiliation","1"
"854710-1","Assessor","Your first name","Your last name","","1","Your email","Your affiliation","1"
"822645-1","Assessor","Your first name","Your last name","","1","Your email","Your affiliation","1"
