"internal_taxon_id","GeneralHabitats.GeneralHabitatsSubfield.GeneralHabitatsName","GeneralHabitats.GeneralHabitatsSubfield.GeneralHabitatsLookup","GeneralHabitats.GeneralHabitatsSubfield.suitability","GeneralHabitats.GeneralHabitatsSubfield.majorImportance","GeneralHabitats.GeneralHabitatsSubfield.season"
"314550-1","","","Suitable","",""
"766791-1","","","Suitable","",""
"140342-2","","","Suitable","",""
"854920-1","","","Suitable","",""
"854710-1","","","Suitable","",""
"822645-1","","","Suitable","",""
