"internal_taxon_id","kingdom","phylum","classname","ordername","family","genus","species","taxonomicAuthority"
"314550-1","PLANTAE","TRACHEOPHYTA","LILIOPSIDA","POALES","Cyperaceae","Scleria","achtenii","De Wild."
"766791-1","PLANTAE","TRACHEOPHYTA","MAGNOLIOPSIDA","GENTIANALES","Rubiaceae","Spermacoce","laevis","Lam."
"140342-2","PLANTAE","TRACHEOPHYTA","MAGNOLIOPSIDA","PLUMBAGINALES","Plumbaginaceae","Limonium","carolinianum","(Walter) Britton"
"854920-1","PLANTAE","TRACHEOPHYTA","MAGNOLIOPSIDA","URTICALES","Urticaceae","Parietaria","floridana","Nutt."
"854710-1","PLANTAE","TRACHEOPHYTA","MAGNOLIOPSIDA","URTICALES","Moraceae","Morus","rubra","L."
"822645-1","PLANTAE","TRACHEOPHYTA","MAGNOLIOPSIDA","MALVALES","Malvaceae","Cola","acuminata","(P.Beauv.) Schott & Endl."
