"IPNI_ID","name_in","author","accepted","EOO","AOO","RecordCount","TDWGCount","POWO_ID","full_name","Warning"
"766791-1","Spermacoce laevis","Lam.",TRUE,15510914,32400,551,23,"766791-1","Spermacoce laevis",""
"298806-1","Carex bermudiana","Hemsl.",TRUE,NA,NA,NA,NA,"298806-1","Carex bermudiana","No GBIF points in native range"
"49199-2","Cassine laneana","(A.H.Moore) J.W.Ingram",TRUE,NA,NA,NA,NA,"49199-2","Cassine laneana","No GBIF points"
"117123-2","Halodule bermudensis","Hartog",TRUE,0,100,1,1,"117123-2","Halodule bermudensis",""
"189694-2","Peperomia septentrionalis","S.Br.",TRUE,NA,NA,NA,NA,"189694-2","Peperomia septentrionalis","No GBIF points in native range"
"192453-2","Phaseolus lignosus","Britton",TRUE,NA,NA,NA,NA,"192453-2","Phaseolus lignosus","No GBIF points in native range"
"440950-1","Sisyrinchium bermudiana","L.",TRUE,NA,NA,NA,NA,"440950-1","Sisyrinchium bermudiana","No GBIF points in native range"
"140342-2","Limonium carolinianum","(Walter) Britton",TRUE,4074913,19600,309,25,"140342-2","Limonium carolinianum",""
"854920-1","Parietaria floridana","Nutt.",TRUE,18394966,9800,117,35,"854920-1","Parietaria floridana",""
"320025-1","Scabiosa nitens","Roem. & Schult.",TRUE,43282,3600,511,1,"320025-1","Scabiosa nitens",""
"67194-1","Zephyranthes bifolia","(Aubl.) M.Roem.",TRUE,0,200,2,2,"67194-1","Zephyranthes bifolia",""
"47910-2","Casasia clusiifolia","(Jacq.) Urb.",TRUE,244579,1800,24,5,"47910-2","Casasia clusiifolia",""
"279056-2","Juniperus bermudiana","L.",TRUE,NA,NA,NA,NA,"279056-2","Juniperus bermudiana","No GBIF points in native range"
"854710-1","Morus rubra","L.",TRUE,4000171,63700,935,34,"854710-1","Morus rubra",""
"613788-1","Oenothera humifusa","Nutt.",TRUE,169050,1500,23,4,"613788-1","Oenothera humifusa",""
"675314-1","Passiflora pectinata","Griseb.",TRUE,560927,1100,18,5,"675314-1","Passiflora pectinata",""
"83863-1","Ilex vomitoria","Aiton",TRUE,207338,3400,44,4,"83863-1","Ilex vomitoria",""
"941424-1","Noronhia emarginata","(Lam.) Poir.",TRUE,92176,1500,41,1,"941424-1","Noronhia emarginata",""
"375818-1","Pelargonium capitatum","(L.) L'H�r.",TRUE,436677,8800,189,2,"375818-1","Pelargonium capitatum",""
"312338-1","Rhynchospora odorata","C.Wright ex Griseb.",TRUE,556316,2500,30,9,"312338-1","Rhynchospora odorata",""
"284484-2","Sabal bermudana","L.H.Bailey",TRUE,NA,NA,NA,NA,"284484-2","Sabal bermudana","No GBIF points in native range"
"859266-1","Centranthus macrosiphon","Boiss.",TRUE,303784,13100,296,3,"859266-1","Centranthus macrosiphon",""
"277293-2","Galium bermudense","L.",TRUE,1446876,5300,60,14,"277293-2","Galium bermudense",""
"443432-1","Juncus roemerianus","Scheele",TRUE,996550,6700,95,13,"443432-1","Juncus roemerianus",""
"91930-1","Schefflera arboricola","(Hayata) Merr.",TRUE,240865,7000,208,2,"91930-1","Schefflera arboricola",""
"270918-2","Zephyranthes atamasco","(L.) Herb.",TRUE,591003,12600,229,8,"270918-2","Zephyranthes atamasco",""
"62057-1","Agave karatto","Mill.",TRUE,4774,500,5,4,"62057-1","Agave karatto",""
"14548-2","Anredera baselloides","(Kunth) Baill.",TRUE,253069,1200,16,2,"14548-2","Anredera baselloides",""
"265270-1","Argyreia roxburghii","(Sweet) Choisy",TRUE,0,200,2,6,"265270-1","Argyreia roxburghii",""
"77109574-1","Brugmansia arborea","(L.) Sweet",TRUE,1637148,5000,99,4,"77109574-1","Brugmansia arborea",""
"319128-2","Callicarpa americana","L.",TRUE,2525954,44400,983,18,"319128-2","Callicarpa americana",""
"105319-2","Forestiera segregata","(Jacq.) Krug & Urb.",TRUE,851873,4200,71,13,"105319-2","Forestiera segregata",""
"105442-2","Furcraea hexapetala","(Jacq.) Urb.",TRUE,2482737,4000,64,13,"105442-2","Furcraea hexapetala",""
"319348-2","Proserpinaca palustris","L.",TRUE,4333757,6000,94,14,"319348-2","Proserpinaca palustris",""
"212991-2","Psychotria ligustrifolia","(Northr.) Millsp.",TRUE,446498,1300,25,9,"212991-2","Psychotria ligustrifolia",""
"397065-1","Cynodon dactylon","(L.) Pers.",TRUE,109153089,20300,523,152,"397065-1","Cynodon dactylon",""
"59222-1","Alternanthera littoralis","P.Beauv.",TRUE,12006,300,4,8,"59222-1","Alternanthera littoralis",""
"836997-1","Celtis laevigata","Willd.",TRUE,3371430,41200,991,25,"836997-1","Celtis laevigata",""
"323180-1","Diospyros virginiana","L.",TRUE,2811426,56300,941,26,"323180-1","Diospyros virginiana",""
"306653-1","Eleocharis albida","Torr.",TRUE,2576147,4400,55,12,"306653-1","Eleocharis albida",""
"101339-2","Euphorbia blodgettii","Engelm. ex Hitchc.",TRUE,2230913,5600,72,13,"101339-2","Euphorbia blodgettii",""
"437030-1","Freesia refracta","(Jacq.) Klatt",TRUE,26684,3800,76,1,"437030-1","Freesia refracta",""
"65212-1","Hymenocallis caribaea","(L.) Herb.",TRUE,0,100,1,5,"65212-1","Hymenocallis caribaea",""
"131108-2","Jacquemontia havanensis","(Jacq.) Urb.",TRUE,1269266,5400,98,11,"131108-2","Jacquemontia havanensis",""
"609775-1","Jasminum simplicifolium","G.Forst.",TRUE,14315357,39700,942,16,"609775-1","Jasminum simplicifolium",""
"561095-1","Kosteletzkya pentacarpos","(L.) Ledeb.",TRUE,12389482,15700,784,23,"561095-1","Kosteletzkya pentacarpos",""
"671595-1","Pandanus utilis","Bory",TRUE,12964,1900,115,3,"671595-1","Pandanus utilis",""
"668909-1","Phoenix canariensis","H.Wildpret",TRUE,50520,4200,199,1,"668909-1","Phoenix canariensis",""
"312160-1","Rhynchospora fascicularis","(Michx.) Vahl",TRUE,7304757,17700,260,23,"312160-1","Rhynchospora fascicularis",""
"234510-2","Senna ligustrina","(L.) H.S.Irwin & Barneby",TRUE,1594148,3200,38,10,"234510-2","Senna ligustrina",""
"1103484-2","Sporobolus junceus","(P.Beauv.) Kunth",TRUE,2530091,9800,135,14,"1103484-2","Sporobolus junceus",""
"110996-1","Tabebuia pallida","(Lindl.) Miers",TRUE,24964,400,7,2,"110996-1","Tabebuia pallida",""
"856750-1","Trema lamarckianum","(Schult.) Blume",TRUE,936334,6000,103,12,"856750-1","Trema lamarckianum",""
"1182077-2","Bolboschoenus robustus","(Pursh) Soj�k",TRUE,28012667,16400,277,31,"1182077-2","Bolboschoenus robustus",""
"545812-1","Buddleja madagascariensis","Lam.",TRUE,508611,12100,244,1,"545812-1","Buddleja madagascariensis",""
"47672-2","Carpobrotus chilensis","(Molina) N.E.Br.",TRUE,88795,400,5,3,"47672-2","Carpobrotus chilensis",""
"60458018-2","Crossopetalum rhacoma","Crantz",TRUE,1784444,7100,162,19,"60458018-2","Crossopetalum rhacoma",""
"70559-2","Croton monanthogynus","Michx.",TRUE,3086520,53200,898,27,"70559-2","Croton monanthogynus",""
"343031-1","Croton moonii","Thwaites",TRUE,0,100,2,1,"343031-1","Croton moonii",""
"304222-1","Cyperus croceus","Vahl",TRUE,6844718,15800,197,37,"304222-1","Cyperus croceus",""
"47308-1","Dianthera secunda","(Lam.) Griseb.",TRUE,NA,NA,NA,NA,"47308-1","Dianthera secunda","No GBIF points"
"79450-2","Dichondra carolinensis","Michx.",TRUE,1999938,32000,498,25,"79450-2","Dichondra carolinensis",""
"596104-1","Eugenia supraaxillaris","Spring ex Mart.",TRUE,607602,500,10,2,"596104-1","Eugenia supraaxillaris",""
"673038-1","Fumaria muralis","Sond. ex W.D.J.Koch",TRUE,3316399,10600,221,8,"673038-1","Fumaria muralis",""
"269051-1","Ipomoea horsfalliae","Hook.",TRUE,NA,NA,NA,NA,"269051-1","Ipomoea horsfalliae","No GBIF points in native range"
"537840-1","Lilium wallichianum","Schult. & Schult.f.",TRUE,0,100,1,6,"537840-1","Lilium wallichianum",""
"668021-1","Livistona chinensis","(Jacq.) R.Br. ex Mart.",TRUE,1823911,2100,48,5,"668021-1","Livistona chinensis",""
"30121490-2","Ludwigia repens","J.R.Forst.",TRUE,5436928,4600,82,15,"30121490-2","Ludwigia repens",""
"797284-1","Maranta cristata","Nees & Mart.",TRUE,950213,3600,73,2,"797284-1","Maranta cristata",""
"805508-1","Maurandya antirrhiniflora","Humb. & Bonpl. ex Willd.",TRUE,0,100,1,8,"805508-1","Maurandya antirrhiniflora",""
"805524-1","Maurandya scandens","(Cav.) Pers.",TRUE,909681,7600,125,7,"805524-1","Maurandya scandens",""
"328550-2","Medeola virginiana","L.",TRUE,2361122,56000,950,34,"328550-2","Medeola virginiana",""
"173411-2","Oenothera speciosa","Nutt.",TRUE,459239,1700,27,4,"173411-2","Oenothera speciosa",""
"181506-2","Panicum amarum","Elliott",TRUE,3589772,8400,152,28,"181506-2","Panicum amarum",""
"414338-1","Paspalum laxum","Lam.",TRUE,492942,3900,66,18,"414338-1","Paspalum laxum",""
"675096-1","Passiflora incarnata","L.",TRUE,2406350,53800,959,21,"675096-1","Passiflora incarnata",""
"30268074-2","Pilea nummulariifolia","(Sw.) Wedd.",TRUE,6019669,4100,52,16,"30268074-2","Pilea nummulariifolia",""
"196799-2","Pimenta dioica","(L.) Merr.",TRUE,3014668,25800,839,13,"196799-2","Pimenta dioica",""
"685785-1","Plantago virginica","L.",TRUE,3705741,6300,79,9,"685785-1","Plantago virginica",""
"457230-1","Salvia serotina","L.",TRUE,3872858,6100,77,19,"457230-1","Salvia serotina",""
"114385-3","Schefflera actinophylla","(Endl.) Harms",TRUE,2214398,14700,279,3,"114385-3","Schefflera actinophylla",""
"459074-1","Sideritis romana","L.",TRUE,2049270,33900,965,22,"459074-1","Sideritis romana",""
"157913-1","Silene nocturna","L.",TRUE,2525853,33300,919,23,"157913-1","Silene nocturna",""
"541314-1","Smilax bona-nox","L.",TRUE,3327769,47300,963,27,"541314-1","Smilax bona-nox",""
"849121-1","Smyrnium olusatrum","L.",TRUE,3184867,18300,315,22,"849121-1","Smyrnium olusatrum",""
"767016-1","Spermacoce tetraquetra","A.Rich.",TRUE,2897441,10200,165,16,"767016-1","Spermacoce tetraquetra",""
"242811-2","Spiranthes torta","(Thunb.) Garay & H.R.Sweet",TRUE,4669536,6000,80,19,"242811-2","Spiranthes torta",""
"120998-1","Tournefortia gnaphalodes","(L.) R.Br. ex Roem. & Schult.",TRUE,5959817,8900,199,21,"120998-1","Tournefortia gnaphalodes",""
"255769-2","Toxicodendron radicans","(L.) Kuntze",TRUE,2953321,5900,73,14,"255769-2","Toxicodendron radicans",""
"857732-1","Urtica membranacea","Poir. ex Savigny",TRUE,4992541,28700,708,22,"857732-1","Urtica membranacea",""
"769659-1","Valantia hispida","L.",TRUE,8780453,31600,927,31,"769659-1","Valantia hispida",""
"77103945-1","Volkameria glabra","(E.Mey.) Mabb. & Y.W.Yuan",TRUE,6075741,20000,384,14,"77103945-1","Volkameria glabra",""
"775728-1","Zanthoxylum flavum","Vahl",TRUE,640455,2300,41,15,"775728-1","Zanthoxylum flavum",""
"337150-1","Acalypha alopecuroidea","Jacq.",TRUE,9716943,10800,261,24,"337150-1","Acalypha alopecuroidea",""
"13112-2","Andropogon virgatus","Desv.",TRUE,17274501,34500,532,27,"13112-2","Andropogon virgatus",""
"319092-2","Aristolochia trilobata","L.",TRUE,13232250,8700,119,23,"319092-2","Aristolochia trilobata",""
"118574-3","Cakile lanceolata","(Willd.) O.E.Schulz",TRUE,4995471,8700,164,24,"118574-3","Cakile lanceolata",""
"297578-1","Carludovica palmata","Ruiz & Pav.",TRUE,5920593,32000,480,15,"297578-1","Carludovica palmata",""
"160129-1","Cassine xylocarpa","Vent.",TRUE,2878234,1000,13,22,"160129-1","Cassine xylocarpa",""
"159845-1","Casuarina cunninghamiana","Miq.",TRUE,2448650,37200,944,3,"159845-1","Casuarina cunninghamiana",""
