"IPNI_ID","name_in","author","accepted","EOO","AOO","RecordCount","TDWGCount","POWO_ID","full_name","Warning"
"320035-2","Poa annua","L.",TRUE,28862136,31300,636,116,"320035-2","Poa annua",""
"2356-2","Achimenes flava","C.V.Morton",TRUE,448737,5200,77,5,"2356-2","Achimenes flava",""
"664971-1","Calamus aruensis","Becc.",TRUE,1989751,6900,169,5,"664971-1","Calamus aruensis",""
"49818-1","Hypoestes acuminata","Baker",TRUE,NA,NA,NA,NA,"49818-1","Hypoestes acuminata","No TDWG distribution data"
